<application>
  <component name="AndroidLogcatFilterHistory">
    <option name="mostRecentlyUsed" value="package:com.example.signal " />
    <option name="nonFavorites">
      <list>
        <option value="package:com.example.signal " />
        <option value="startForeground" />
        <option value="package:ir.samatoos.negar is:error " />
        <option value="package:mine is:error " />
        <option value="is:error " />
        <option value="package:ir.samatoos.negar " />
        <option value="package:mine" />
        <option value="denieid" />
        <option value="print" />
        <option value="package:ir.samatoos.negar is:error TAG" />
        <option value="package:ir.samatoos.negar" />
        <option value="package:ir.samatoos.negar is:error onCreate" />
        <option value="package:com.example.myapplication is:error " />
        <option value="package:com.example.myapplication " />
        <option value="package:ir.samatoos.negar removeFromDataBase" />
        <option value="package:ir.samatoos.negar is:error removeFromDataBase" />
        <option value="package:mine " />
        <option value="package:com.example.matinkhademian is:error " />
        <option value="package:ir.samatoos.negar intervalWith" />
        <option value="package:ir.samatoos.negar sess" />
      </list>
    </option>
  </component>
</application>