<application>
  <component name="CachedDictionaryState">
    <words>
      <w>clippy</w>
      <w>elevatetv</w>
      <w>filmator</w>
      <w>fluttertoast</w>
      <w>homescreen</w>
      <w>hصندوق</w>
      <w>notif</w>
      <w>samatoos</w>
      <w>shamsi</w>
      <w>vazir</w>
      <w>webview</w>
      <w>yousefi</w>
      <w>آمده</w>
      <w>آینده</w>
      <w>اساس</w>
      <w>اضافه</w>
      <w>الثانی</w>
      <w>امروز</w>
      <w>انتخاب</w>
      <w>اپلیکیشن</w>
      <w>ایجاد</w>
      <w>باشد</w>
      <w>برای</w>
      <w>بزودی</w>
      <w>تاریخ</w>
      <w>تصویر</w>
      <w>تقویم</w>
      <w>تکراری</w>
      <w>جدید</w>
      <w>جستجو</w>
      <w>جوادالائمّه</w>
      <w>خرید</w>
      <w>دارو</w>
      <w>درستی</w>
      <w>دقیقه</w>
      <w>ربیع</w>
      <w>ردیاب</w>
      <w>زمان</w>
      <w>زمانی</w>
      <w>سازی</w>
      <w>سرعت</w>
      <w>سوپر</w>
      <w>فاکتور</w>
      <w>قمری</w>
      <w>لطفا</w>
      <w>لیست</w>
      <w>مارکت</w>
      <w>ماشین</w>
      <w>متاسفانه</w>
      <w>محصول</w>
      <w>مرتب</w>
      <w>مشکلات</w>
      <w>مشکلی</w>
      <w>مصرف</w>
      <w>مقدور</w>
      <w>مناسبتی</w>
      <w>موفقیت</w>
      <w>میلادی</w>
      <w>ندارد</w>
      <w>نمیتواند</w>
      <w>نگار</w>
      <w>هشدار</w>
      <w>هنرمندان</w>
      <w>وارد</w>
      <w>وجود</w>
      <w>ویرایش</w>
      <w>پروژه</w>
      <w>پلاس</w>
      <w>ژانرها</w>
      <w>کارها</w>
      <w>کردن</w>
      <w>کنید</w>
      <w>گذشته</w>
      <w>گزارش</w>
      <w>یادآور</w>
      <w>یادآوری</w>
    </words>
  </component>
</application>