<application>
  <component name="Translation.Cache">
    <option name="lastTrimTime" value="1732022095940" />
  </component>
  <component name="Translation.Settings">
    <option name="primaryLanguage" value="PERSIAN" />
    <option name="targetLanguageSelection" value="LAST" />
  </component>
  <component name="Translation.States">
    <option name="translationDialogHeight" value="260" />
    <option name="translationDialogLocationX" value="659" />
    <option name="translationDialogLocationY" value="385" />
    <histories>
      <item value="interacts" />
      <item value="فاصله زمانی" />
      <item value="فاصله زمانی&#10;" />
      <item value="فاصله ز" />
      <item value="فاصله" />
      <item value="فا" />
      <item value="اختلاف" />
      <item value="اختلاف&#10;" />
      <item value="اخ" />
      <item value="job" />
      <item value="jo" />
      <item value="type Sort" />
      <item value="selectedType" />
    </histories>
    <option name="languageScores">
      <map>
        <entry key="ENGLISH" value="4" />
        <entry key="PERSIAN" value="5" />
      </map>
    </option>
  </component>
</application>